"sex","age","student_number_simple","q1.s1","q2.s1","q3.s1","q4.s1","q5.s1","q6.s1","q7.s1","q8.s1","q1.s2","q2.s2","q3.s2","q4.s2","q5.s2","q6.s2","q7.s2","q8.s2","mse.s1","mse.s2","mse.mean"
"Vrouwelijk",24,192430,25,65,3,8,80,40,75,17,30,65,15,10,70,40,5,75,626.91875,632.01875,362.6875
"Vrouwelijk",24,194903,10,30,3,11,90,86,5,30,30,50,5,8,70,62,5,40,483.61875,308.69375,337.125
"Vrouwelijk",23,199769,15,60,25,30,50,60,10,50,20,60,40,30,80,90,15,70,219.26875,641.64375,353.1125
"Vrouwelijk",23,199861,3,68,8,4,52,54,45,12,10,64,20,12,45,24,10,31,219.64375,245.11875,144.63125
"Vrouwelijk",23,199869,50,15,15,10,80,70,10,50,50,60,35,30,67,95,5,35,622.51875,610.46875,495.5875
"Vrouwelijk",22,209957,23,84,30,43,75,87,12,64,26,74,76,8,43,85,29,64,781.19375,753.89375,618.575
"Vrouwelijk",21,210916,50,75,30,5,30,90,50,20,60,25,15,15,80,12,60,25,668.64375,898.11875,419.81875
"Vrouwelijk",22,211722,35,65,26,20,75,85,15,43,54,62,12,9,22,36,62,68,412.76875,969.39375,418.2375
"Vrouwelijk",22,212100,10,65,5,4,17,80,1,15,25,65,10,18,6,79,9,22,499.09375,561.66875,509.1
"Vrouwelijk",22,212301,20,50,30,5,30,30,10,15,60,50,10,1,15,20,40,20,225.51875,808.91875,415.15625
"Vrouwelijk",22,212401,20,60,50,3,50,70,10,35,15,80,20,5,60,85,10,40,194.96875,397.01875,243.525
"Vrouwelijk",22,212407,20,70,20,20,60,70,25,20,30,70,50,40,50,90,10,10,171.89375,496.26875,264.55
"Vrouwelijk",22,212504,75,40,15,20,50,29,70,30,80,60,50,40,75,60,60,25,963.84375,1044.01875,886.4
"Mannelijk",24,212542,16,63,1,0,50,69,9,30,30,62,3,2,45,70,10,36,277.06875,332.34375,296.33125
"Vrouwelijk",21,212549,10,60,20,2,5,60,9,10,6,42,13,12,67,56,4,43,427.41875,185.41875,135.7
"Vrouwelijk",23,213594,45,70,35,16,25,65,20,45,30,75,25,13,45,68,15,39,462.29375,284.21875,347.35
"Vrouwelijk",22,214752,45,45,25,3,30,60,20,15,36,69,34,8,76,87,4,36,292.71875,474.99375,249.325
"Vrouwelijk",22,215338,20,50,10,5,30,60,6,70,40,70,30,20,8,60,10,60,508.29375,710.81875,546.275
"Vrouwelijk",23,215420,60,80,70,20,10,90,30,40,60,70,20,10,50,85,20,40,1144.76875,629.39375,748.8
"Vrouwelijk",22,215625,75,60,20,7,50,80,10,50,90,50,20,15,50,89,5,15,858.69375,1112.46875,931.83125
"Vrouwelijk",22,215949,20,35,75,2,40,65,15,35,12,26,46,14,35,50,5,16,348.44375,173.46875,203.425
"Vrouwelijk",22,216089,30,60,30,30,50,70,40,40,60,85,40,30,45,80,70,40,232.51875,984.64375,525.76875
"Vrouwelijk",22,216178,40,70,30,4,70,80,20,20,52,62,56,30,55,88,55,60,361.61875,826.41875,447.95625
"Vrouwelijk",22,216692,33,68,40,17,65,78,95,50,18,36,68,18,17,79,30,28,941.39375,431.91875,403.90625
"Vrouwelijk",22,216753,40,90,10,4,85,95,30,40,65,75,20,7,75,90,30,20,853.36875,794.81875,777.71875
"Mannelijk",22,216918,30,30,11,2,55,82,20,26,20,58,34,12,56,80,20,45,264.74375,200.14375,173.725
"Mannelijk",22,217137,50,60,30,1,30,85,5,30,30,80,50,75,10,90,8,15,541.54375,1193.71875,638.4125
"Vrouwelijk",22,217514,10,80,30,25,55,80,45,45,25,85,45,21,82,85,35,85,374.26875,1002.36875,596.2875
"Vrouwelijk",22,218335,55,60,46,7,64,80,60,10,45,43,14,1,80,59,46,34,613.14375,402.46875,416.61875
"Vrouwelijk",23,218498,30,80,20,3,60,80,4,60,20,70,35,4,60,65,10,65,594.94375,403.11875,476.78125
"Mannelijk",18,219379,30,75,5,1,30,70,10,20,30,40,5,1,40,60,20,30,441.04375,222.79375,281.1375
"Vrouwelijk",23,230500,90,70,20,30,40,60,10,30,50,40,30,20,15,90,40,50,1085.51875,705.64375,722.925
"Vrouwelijk",23,230746,20,60,10,2,5,60,3,50,20,40,5,10,60,50,20,50,599.01875,227.76875,291.425
"Vrouwelijk",23,230845,30,65,10,7,50,80,15,30,25,70,30,15,70,80,70,60,300.81875,661.14375,329.7625
"Vrouwelijk",23,231373,25,30,30,5,60,50,12,90,50,40,30,4,80,60,5,90,680.44375,970.74375,785.75
"Vrouwelijk",23,231932,35,80,10,8,67,85,15,15,15,88,20,5,75,95,20,45,496.66875,615.16875,503.98125
"Vrouwelijk",23,232130,50,65,70,10,30,85,25,55,60,60,70,10,30,80,30,60,793.39375,901.76875,841.33125
"Mannelijk",23,232269,40,85,38,17,50,75,15,70,45,80,60,15,70,90,30,75,717.09375,987.76875,808.275
"Vrouwelijk",22,232450,60,60,5,20,20,80,60,20,50,70,75,30,10,80,60,20,856.26875,1049.01875,787.01875
"Vrouwelijk",22,233565,60,50,34,3,70,75,15,55,75,60,5,5,64,45,30,56,613.66875,895.06875,681.49375
"Vrouwelijk",22,233637,40,40,40,10,40,56,10,60,20,40,10,10,70,40,5,70,385.81875,489.89375,357.2
"Vrouwelijk",22,233823,70,55,35,10,22,80,7,50,20,55,30,21,20,70,15,42,873.14375,282.71875,487.99375
"Vrouwelijk",23,234001,40,70,10,5,7,80,20,15,70,90,40,23,60,80,15,10,664.84375,918.71875,623.5625
"Vrouwelijk",21,234251,20,68,3,12,28,86,17,20,20,58,23,21,72,78,17,30,422.64375,196.36875,225.725
"Vrouwelijk",43,251878,5,50,50,4,65,45,10,30,3,37,10,12,70,49,66,50,125.11875,397.79375,92.26875
"Mannelijk",21,252297,40,75,80,15,40,90,5,20,50,90,75,65,30,97,2,12,788.26875,1452.21875,1024.24375
"Vrouwelijk",21,253826,25,70,20,15,30,98,5,50,70,75,25,8,70,70,5,50,607.41875,858.09375,591.88125
"Vrouwelijk",21,253926,45,45,21,15,35,75,26,65,50,56,65,23,36,78,42,65,524.96875,767.31875,570.76875
"Vrouwelijk",21,254040,20,25,9,3,64,70,5,13,21,46,19,12,60,68,2,34,257.39375,168.41875,178.75
"Vrouwelijk",21,254063,30,60,20,5,54,80,15,40,30,50,3,50,60,95,20,40,267.16875,601.54375,349.98125
"Mannelijk",21,254068,50,15,20,10,10,15,30,15,30,16,8,6,30,10,20,30,803.26875,576.86875,649.1
"Vrouwelijk",21,254074,60,45,20,5,70,70,10,30,40,50,11,19,60,55,23,55,491.89375,347.61875,362.85
"Vrouwelijk",21,254096,25,35,35,2,75,80,5,60,20,45,50,3,70,80,2,30,440.06875,271.14375,315.45
"Vrouwelijk",21,254106,10,60,15,20,60,70,50,15,40,77,17,15,60,81,30,44,189.89375,464.36875,246.50625
"Vrouwelijk",21,254447,50,40,60,15,40,80,5,50,50,60,50,20,50,80,30,40,591.26875,439.51875,473.20625
"Vrouwelijk",21,254572,28,59,69,8,59,85,6,41,72,74,76,60,61,81,15,42,474.59375,1324.44375,742.76875
"Vrouwelijk",21,254603,50,85,15,10,26,75,20,5,45,90,15,50,75,85,35,20,684.11875,845.89375,621.225
"Vrouwelijk",21,255069,30,40,20,10,30,80,7,30,30,50,40,30,50,70,10,50,295.19375,277.01875,229.575
"Vrouwelijk",21,255174,50,40,30,10,40,60,10,25,30,40,50,30,50,60,20,30,303.14375,162.51875,188.3
"Vrouwelijk",21,255229,33,25,33,10,70,80,25,20,85,60,40,10,60,70,25,40,246.44375,890.89375,425.60625
"Vrouwelijk",21,255341,60,70,25,35,60,70,30,40,35,65,25,25,60,70,30,40,588.89375,259.64375,400.83125
"Vrouwelijk",21,255359,8,55,10,5,75,88,4,12,6,52,27,8,27,76,8,16,359.71875,208.69375,196.9875
"Mannelijk",21,255449,50,90,10,7,50,75,2,20,75,80,25,2,75,80,12,20,706.36875,944.49375,771.525
"Vrouwelijk",20,255475,12,27,4,3,60,70,20,30,14,60,2,1,65,60,7,15,197.24375,249.76875,172.88125
"Vrouwelijk",22,255488,20,40,10,3,60,35,5,45,15,44,7,12,45,63,1,40,275.71875,226.79375,214.35
"Vrouwelijk",21,255836,35,70,20,6,20,80,10,20,80,55,15,2,20,30,20,5,472.66875,1010.69375,581.80625
"Vrouwelijk",21,255962,30,40,20,1,10,75,8,40,61,61,21,9,26,73,23,45,479.36875,633.46875,494.6375
"Vrouwelijk",21,256073,25,60,40,4,30,75,3,20,50,65,55,35,35,90,3,20,286.81875,687.59375,422.01875
"Vrouwelijk",21,256104,20,25,5,2,50,40,20,50,20,10,5,2,50,30,40,25,304.06875,373.94375,296.81875
"Vrouwelijk",21,256332,30,45,18,6,50,60,11,50,20,35,20,4,60,56,11,55,232.84375,229.81875,220.425
"Mannelijk",21,256585,44,65,10,5,64,85,12,54,33,73,15,36,88,92,61,68,585.76875,1031.09375,671.15
"Vrouwelijk",21,256655,18,36,35,14,67,78,5,10,15,39,21,5,90,77,4,9,190.91875,348.94375,244.0875
"Vrouwelijk",20,256699,12,40,20,9,30,90,10,10,22,65,30,23,35,70,7,40,304.09375,259.74375,208.325
"Vrouwelijk",21,256796,60,45,45,10,50,77,20,65,27,40,30,27,50,70,20,60,677.61875,291.04375,431.14375
"Vrouwelijk",20,256840,30,65,15,2,75,70,9,35,24,59,9,3,78,68,9,27,326.54375,288.04375,301.48125
"Vrouwelijk",21,256842,33,70,20,20,70,60,60,60,25,51,2,1,9,63,13,79,557.41875,865.04375,479.66875
"Vrouwelijk",22,256938,25,80,15,10,40,75,60,20,30,65,20,5,20,75,10,30,466.89375,389.76875,325.20625
"Vrouwelijk",21,256956,10,72,39,9,57,68,33,47,15,88,11,41,61,87,31,48,217.01875,632.16875,347.375
"Vrouwelijk",22,257288,79,76,46,16,63,79,46,39,53,76,43,19,69,88,59,79,985.34375,1125.21875,974.65625
"Vrouwelijk",20,257434,20,30,10,10,10,60,10,10,25,60,30,15,15,85,20,15,403.01875,391.76875,330.9875
"Vrouwelijk",21,257460,35,40,20,1,45,75,5,23,35,35,20,5,80,65,1,20,259.99375,320.79375,246.925
"Vrouwelijk",20,257837,25,40,20,2,50,70,20,30,45,34,10,16,56,24,13,52,123.06875,512.29375,210.9
"Vrouwelijk",21,257843,5,75,10,4,50,85,5,35,15,86,69,30,50,90,5,10,391.74375,673.14375,375.31875
"Vrouwelijk",21,257864,5,40,30,3,60,70,3,30,2,40,10,4,60,80,8,30,125.41875,210.91875,151.45
"Vrouwelijk",21,257973,46,85,65,9,20,90,23,15,83,89,40,37,27,75,38,13,854.74375,1240.76875,944.725
"Mannelijk",21,258046,40,70,25,8,30,60,30,75,60,60,15,20,40,50,10,80,661.84375,912.51875,744.4
"Vrouwelijk",21,258190,69,48,14,12,60,58,20,38,72,70,12,6,50,65,9,34,578.21875,756.31875,641.675
"Vrouwelijk",21,258229,30,50,15,5,20,55,5,20,20,50,35,10,40,60,10,20,321.14375,92.26875,176.2375
"Vrouwelijk",21,258364,40,78,35,6,63,72,15,25,15,72,32,7,56,89,20,41,365.34375,312.84375,298.78125
"Vrouwelijk",22,258372,30,45,15,5,65,35,10,70,20,60,10,20,66,80,15,67,498.89375,489.41875,411.8125
"Vrouwelijk",21,258429,30,65,50,10,55,80,30,70,50,50,60,10,60,80,30,70,534.14375,711.01875,599.14375
"Vrouwelijk",21,258694,63,78,19,4,64,86,24,59,43,87,29,5,62,82,35,43,888.89375,580.84375,704.275
"Vrouwelijk",21,258840,40,80,4,13,40,88,67,36,40,70,30,6,50,80,78,50,800.51875,747.61875,733.25625
"Vrouwelijk",21,258947,15,40,5,5,50,80,5,35,23,65,10,2,30,80,5,40,270.89375,417.09375,308.11875
"Vrouwelijk",20,259045,39,53,7,3,56,68,12,37,56,68,24,3,51,86,64,53,314.01875,823.44375,440.23125
"Mannelijk",21,259228,33,60,25,7,45,80,5,35,20,47,10,2,30,35,2,18,301.46875,299.04375,202.25625
"Vrouwelijk",20,259296,60,26,15,2,42,87,34,18,65,34,15,5,57,87,24,17,607.59375,623.16875,602.13125
"Vrouwelijk",21,259300,20,35,50,30,40,60,20,30,30,40,35,25,40,40,20,45,144.51875,208.76875,145.39375
"Vrouwelijk",21,259525,37,35,8,2,65,83,45,13,25,19,8,3,65,83,32,35,386.41875,344.26875,332.40625
"Vrouwelijk",21,259593,40,60,9,8,40,80,20,25,30,74,3,15,73,84,34,12,356.79375,470.01875,355.5625
"Vrouwelijk",21,259684,75,70,10,8,80,80,20,80,70,55,10,5,30,75,25,65,1331.21875,943.01875,1042.30625
"Vrouwelijk",21,259753,30,10,30,5,10,40,30,30,40,10,10,5,40,15,30,35,492.14375,594.14375,479.08125
"Vrouwelijk",21,259842,30,80,50,70,20,75,60,30,45,76,45,85,38,74,80,36,1018.64375,1440.59375,1190.49375
"Vrouwelijk",21,259845,30,50,40,2,55,94,6,30,50,72,42,1,95,90,12,26,351.04375,769.31875,480.275
"Vrouwelijk",22,260115,9,85,43,23,80,90,16,42,20,90,56,78,34,89,16,23,547.64375,1095.71875,639.86875
"Vrouwelijk",21,260195,45,56,15,3,65,23,13,36,70,60,24,23,65,78,20,65,446.51875,877.69375,504.7
"Vrouwelijk",22,260240,40,60,15,3,55,85,5,45,45,56,15,8,35,75,15,30,463.09375,366.14375,386.775
"Vrouwelijk",20,260252,20,60,7,5,60,70,25,65,10,30,2,2,40,40,10,60,408.24375,415.66875,331.20625
"Vrouwelijk",21,260486,80,75,45,30,55,90,10,55,60,75,40,20,70,85,30,60,1180.76875,824.89375,965.33125
"Vrouwelijk",22,260859,5,50,1,1,60,63,2,50,2,60,5,1,80,70,3,20,330.66875,334.71875,286.6
"Vrouwelijk",21,261242,40,70,30,10,70,70,60,65,10,75,15,20,60,80,60,35,663.64375,415.64375,466.20625
"Vrouwelijk",21,261268,85,90,53,80,80,95,25,40,68,98,69,85,46,98,23,26,1982.91875,1902.61875,1880.3
"Mannelijk",21,261504,32,45,12,5,69,74,7,16,43,62,17,3,87,78,13,32,271.14375,495.54375,349.875
"Vrouwelijk",21,261897,15,80,50,43,30,90,10,12,50,85,30,60,30,90,15,15,598.14375,975.76875,725.3
"Vrouwelijk",20,262092,25,50,10,7,30,60,15,30,40,60,15,10,40,65,25,50,213.06875,347.26875,249.41875
"Vrouwelijk",21,262106,70,70,15,2,70,80,2,50,25,70,12,3,50,90,7,20,932.61875,402.11875,559.24375
"Vrouwelijk",21,262196,100,65,22,2,15,70,10,20,90,40,10,8,70,50,15,20,1435.29375,996.34375,1079.725
"Mannelijk",21,262213,20,55,20,5,50,95,30,10,30,50,15,6,40,60,30,35,292.76875,168.04375,164.75
"Vrouwelijk",22,262493,50,40,30,5,50,70,10,30,70,50,25,10,50,80,60,30,320.89375,750.26875,437.14375
"Vrouwelijk",23,262871,20,45,5,2,55,80,5,50,45,70,4,2,55,90,3,55,365.31875,749.09375,514.08125
"Vrouwelijk",22,262929,20,38,6,2,20,72,25,8,10,30,8,3,20,65,10,15,333.94375,305.74375,304.46875
"Vrouwelijk",21,263070,1,78,8,21,68,78,1,30,1,45,12,5,66,72,1,40,416.11875,239.76875,281.0375
"Vrouwelijk",21,263081,70,42,45,2,87,78,11,48,78,46,26,1,75,49,14,52,862.11875,857.89375,814.63125
"Vrouwelijk",21,263465,5,50,30,1,20,88,1,60,20,80,11,1,60,88,1,60,561.96875,668.01875,518.55625
"Vrouwelijk",21,264317,30,80,5,5,70,80,2,30,15,80,5,5,70,80,2,10,535.19375,486.44375,491.2875
"Vrouwelijk",20,264324,40,50,20,8,50,89,3,60,15,50,10,8,30,50,30,40,563.11875,193.71875,260.45
"Vrouwelijk",21,264334,50,30,30,5,5,75,5,10,34,53,42,12,21,86,13,12,693.01875,410.16875,507.125
"Vrouwelijk",21,264335,27,65,42,45,10,95,5,10,16,72,86,4,70,72,10,26,765.09375,592.06875,422.425
"Vrouwelijk",21,264696,70,50,20,15,60,60,10,20,10,40,25,12,80,75,10,10,574.89375,200.94375,248.575
"Vrouwelijk",21,264856,30,40,20,15,20,70,20,40,40,60,20,22,70,30,25,60,304.64375,492.44375,239.98125
"Mannelijk",21,265445,2,50,4,1,50,70,2,40,5,70,10,5,60,75,1,40,270.89375,335.79375,285
"Vrouwelijk",28,294884,25,35,15,4,50,60,20,9,28,30,36,12,50,65,52,15,133.34375,186.31875,109.08125
"Vrouwelijk",23,305604,50,50,16,15,35,75,20,15,20,17,20,3,20,65,10,15,384.06875,336.94375,280.06875
"Vrouwelijk",23,305730,22,80,20,20,20,88,10,50,30,80,50,30,30,80,80,20,631.26875,821.01875,506.51875
"Vrouwelijk",24,307743,80,80,30,20,60,90,20,50,35,80,30,20,50,80,50,50,1113.76875,523.26875,720.8625
"Vrouwelijk",23,308151,33,67,45,14,76,87,34,20,40,75,25,14,64,80,30,32,379.79375,380.31875,352.99375
"Vrouwelijk",22,364192,40,65,10,15,50,95,10,30,50,40,10,5,99,95,5,30,507.76875,835.16875,569.875
"Vrouwelijk",22,377531,28,65,13,10,50,85,2,35,30,70,25,3,50,65,5,50,375.61875,346.59375,334.35625
"Vrouwelijk",45,435581,30,65,50,8,25,68,7,20,30,60,60,15,70,70,20,60,343.66875,445.64375,270.53125
"Mannelijk",35,435906,12,60,10,1,55,75,10,65,10,40,1,5,50,65,10,45,432.01875,246.44375,307.16875
